{
  "config": {
    "batch_size": 128,
    "epochs": 35,
    "time_steps": 2,
    "lr": 0.001,
    "hidden_sizes": [
      800,
      400,
      200
    ],
    "dropout": 0.15,
    "label_smoothing": 0.1,
    "use_mixup": true
  },
  "apex": {
    "acc": [
      96.83,
      97.6,
      97.89,
      98.24,
      98.35,
      98.44,
      98.58,
      98.67,
      98.75,
      98.74,
      98.34,
      98.56,
      98.59,
      98.64,
      98.74,
      98.71,
      98.81,
      98.67,
      98.95,
      98.99,
      99.04,
      99.18,
      99.15,
      99.13,
      99.12,
      99.19,
      99.17,
      99.18,
      99.19,
      99.21,
      99.03,
      98.98,
      98.89,
      98.85,
      99.11
    ],
    "spike": [
      0.1352613961574009,
      0.13750744857352115,
      0.14065809357125414,
      0.1424805047433035,
      0.14247094427054263,
      0.14474170719691679,
      0.15126236988612576,
      0.14483769427054263,
      0.14338844773646758,
      0.14959227348545615,
      0.14830900080217627,
      0.14309958943394246,
      0.14116487321254179,
      0.14485203625488274,
      0.1409794766736711,
      0.14147667303902756,
      0.14202277292306076,
      0.152089275894165,
      0.1395512369864327,
      0.14401561081368577,
      0.14159679593331467,
      0.14106812099565774,
      0.1420939505310058,
      0.14517510311017712,
      0.14028174843488414,
      0.13837135510035917,
      0.14136730924769805,
      0.14224293469892224,
      0.14298280517796103,
      0.13883221005902965,
      0.13743418956865577,
      0.139898490221296,
      0.1368166805071149,
      0.1413447657034737,
      0.13921243923623217
    ],
    "loss": [
      0.19845468503764913,
      0.1721047959938834,
      0.1623796081241173,
      0.16938239524636087,
      0.16625379525785206,
      0.1654147133231163,
      0.1686974906280071,
      0.15659649670124054,
      0.1532221479883677,
      0.1598426764713058,
      0.17541989787847181,
      0.15066848119980172,
      0.1477896063765393,
      0.14864195939860766,
      0.14904190354709385,
      0.15920609688457055,
      0.1501276177130168,
      0.20003282608865183,
      0.14934482661229145,
      0.14246244068387187,
      0.1370805284079117,
      0.14418725009205974,
      0.14889672209944907,
      0.1479836430730699,
      0.1454571193154854,
      0.13955974729755258,
      0.1422251617606682,
      0.14225189057709295,
      0.1444314009026636,
      0.13882912751994556,
      0.14495720233343826,
      0.14760725341642958,
      0.13630168470023554,
      0.16432331106330775,
      0.15178807853143425
    ]
  },
  "summary": {
    "best_accuracy": 99.21,
    "final_spike_rate": 0.13921243923623217,
    "energy_efficiency": 664.890946812627,
    "parameters": 1599237,
    "training_time": 571.4432220458984,
    "time_steps": 2,
    "wins": 1
  },
  "sota_comparison": {
    "Accuracy": {
      "sota": 99.3,
      "sota_model": "DiffPC 2026",
      "ours": 99.21
    },
    "Spike Rate": {
      "sota": 0.3,
      "sota_model": "Nature 2024",
      "ours": 0.13921243923623217
    },
    "Efficiency": {
      "sota": 1000,
      "sota_model": "Estimated",
      "ours": 664.890946812627
    },
    "Time Steps": {
      "sota": 1,
      "sota_model": "SDSNN 2025",
      "ours": 2
    }
  }
}