{
  "config": {
    "batch_size": 128,
    "epochs": 15,
    "time_steps": 4,
    "learning_rate": 0.001,
    "hidden_sizes": [
      512,
      256
    ],
    "num_branches": 4,
    "tau_range": [
      2.0,
      16.0
    ]
  },
  "baseline": {
    "train_loss": [
      0.2880614910886359,
      0.06891640484221835,
      0.041274370538241574,
      0.0263315485705977,
      0.018923398284271344,
      0.013883376731720966,
      0.010379847614834311,
      0.007258406539794121,
      0.0043991128588269065,
      0.003000008637677066,
      0.002588545213759279,
      0.0015798629652996705,
      0.0014242113778472636,
      0.0011424996673648528,
      0.0009338328397979509
    ],
    "train_acc": [
      93.85833333333333,
      97.98,
      98.765,
      99.185,
      99.44666666666667,
      99.60166666666667,
      99.70833333333333,
      99.79833333333333,
      99.87666666666667,
      99.92333333333333,
      99.945,
      99.97666666666667,
      99.97166666666666,
      99.97833333333334,
      99.99166666666666
    ],
    "test_loss": [
      0.08907752230621968,
      0.07507507160565333,
      0.06509211671367712,
      0.060927778119928666,
      0.059960160133667596,
      0.061532790428344336,
      0.06153555070598981,
      0.06120641009052818,
      0.0622572165497953,
      0.05951915400662154,
      0.061132101451175334,
      0.05987939259326203,
      0.05916137748739212,
      0.056574877086456546,
      0.05694551218891055
    ],
    "test_acc": [
      97.41,
      97.82,
      97.93,
      98.15,
      98.34,
      98.22,
      98.19,
      98.19,
      98.26,
      98.37,
      98.31,
      98.46,
      98.46,
      98.52,
      98.53
    ],
    "spike_rate": [
      0.10146595052083329,
      0.10200791015624996,
      0.10435319010416663,
      0.1049907552083333,
      0.10629352213541662,
      0.10530644531249995,
      0.10659287109374996,
      0.10769238281249996,
      0.10792802734374995,
      0.1080779622395833,
      0.10829729817708329,
      0.10865777994791663,
      0.1081737630208333,
      0.1090671223958333,
      0.1079106770833333
    ]
  },
  "dasnn": {
    "train_loss": [
      0.36249447773609844,
      0.07728653210106054,
      0.044742967575979134,
      0.029544110794160475,
      0.01807454666708594,
      0.016038904794981317,
      0.010299655872504853,
      0.007495877107166981,
      0.0046281694909428624,
      0.003751147199385633,
      0.0022666258424842434,
      0.0019915052980184803,
      0.0014490676730076152,
      0.0011943101819079898,
      0.0013105081960908633
    ],
    "train_acc": [
      92.625,
      97.74333333333334,
      98.68333333333334,
      99.11666666666666,
      99.47,
      99.505,
      99.695,
      99.79166666666667,
      99.87166666666667,
      99.90833333333333,
      99.95833333333333,
      99.95666666666666,
      99.97,
      99.99166666666666,
      99.97666666666667
    ],
    "test_loss": [
      0.1000446481748095,
      0.08239927263105218,
      0.06928047219208808,
      0.06217945252156144,
      0.06558959507766546,
      0.06315821972366163,
      0.06364788553166156,
      0.05781344044106258,
      0.06227639274151489,
      0.06311090747531815,
      0.06245034710648529,
      0.06239177387751509,
      0.06311492993801396,
      0.05966186107400086,
      0.05766906143179756
    ],
    "test_acc": [
      97.38,
      97.49,
      97.97,
      98.13,
      98.04,
      98.04,
      98.19,
      98.38,
      98.28,
      98.35,
      98.27,
      98.44,
      98.42,
      98.48,
      98.54
    ],
    "spike_rate": [
      0.09652311197916663,
      0.0996205403645833,
      0.0991563802083333,
      0.0985973958333333,
      0.09947851562499996,
      0.0998420247395833,
      0.0991464192708333,
      0.10018466796874996,
      0.09935865885416663,
      0.10121149088541663,
      0.1007472005208333,
      0.10129811197916663,
      0.10209511718749996,
      0.10124873046874996,
      0.10106393229166663
    ]
  },
  "summary": {
    "baseline_best_acc": 98.53,
    "dasnn_best_acc": 98.54,
    "accuracy_improvement": 0.010000000000005116,
    "baseline_spike_rate": 0.1079106770833333,
    "dasnn_spike_rate": 0.10106393229166663,
    "spike_reduction_percent": 6.344826088320539,
    "baseline_params": 537354,
    "dasnn_params": 668430,
    "baseline_time": 129.40616393089294,
    "dasnn_time": 177.48411178588867,
    "baseline_efficiency": 835.6325520068381,
    "dasnn_efficiency": 887.2367290329921
  }
}