{
  "config": {
    "batch_size": 128,
    "epochs": 15,
    "time_steps": 4,
    "learning_rate": 0.001,
    "hidden_sizes": [
      512,
      256
    ],
    "num_branches": 4,
    "tau_range": [
      2.0,
      16.0
    ]
  },
  "baseline": {
    "train_loss": [
      0.2880614910886359,
      0.06891640484221835,
      0.041274370538241574,
      0.0263315485705977,
      0.018923398284271344,
      0.013883376731720966,
      0.010379847614834311,
      0.007258406539794121,
      0.0043991128588269065,
      0.003000008637677066,
      0.002588545213759279,
      0.0015798629652996705,
      0.0014242113778472636,
      0.0011424996673648528,
      0.0009338328397979509
    ],
    "train_acc": [
      93.85833333333333,
      97.98,
      98.765,
      99.185,
      99.44666666666667,
      99.60166666666667,
      99.70833333333333,
      99.79833333333333,
      99.87666666666667,
      99.92333333333333,
      99.945,
      99.97666666666667,
      99.97166666666666,
      99.97833333333334,
      99.99166666666666
    ],
    "test_loss": [
      0.08907752230621968,
      0.07507507160565333,
      0.06509211671367712,
      0.060927778119928666,
      0.059960160133667596,
      0.061532790428344336,
      0.06153555070598981,
      0.06120641009052818,
      0.0622572165497953,
      0.05951915400662154,
      0.061132101451175334,
      0.05987939259326203,
      0.05916137748739212,
      0.056574877086456546,
      0.05694551218891055
    ],
    "test_acc": [
      97.41,
      97.82,
      97.93,
      98.15,
      98.34,
      98.22,
      98.19,
      98.19,
      98.26,
      98.37,
      98.31,
      98.46,
      98.46,
      98.52,
      98.53
    ],
    "spike_rate": [
      0.10146595052083329,
      0.10200791015624996,
      0.10435319010416663,
      0.1049907552083333,
      0.10629352213541662,
      0.10530644531249995,
      0.10659287109374996,
      0.10769238281249996,
      0.10792802734374995,
      0.1080779622395833,
      0.10829729817708329,
      0.10865777994791663,
      0.1081737630208333,
      0.1090671223958333,
      0.1079106770833333
    ]
  },
  "dasnn": {
    "train_loss": [
      0.5033889394134347,
      0.10352258926340893,
      0.06252563927771408,
      0.043261410788630945,
      0.027632808914956158,
      0.01917887407703512,
      0.01360513620636563,
      0.008792066688104264,
      0.005696276000622454,
      0.004349510046293034,
      0.0027045591469126336,
      0.0020176036099101287,
      0.0016421064306465067,
      0.0015582946267339891,
      0.0011360411643487976
    ],
    "train_acc": [
      84.41,
      96.95333333333333,
      98.10666666666667,
      98.63333333333334,
      99.165,
      99.43333333333334,
      99.595,
      99.74833333333333,
      99.84833333333333,
      99.89166666666667,
      99.945,
      99.97,
      99.97333333333333,
      99.97333333333333,
      99.98833333333333
    ],
    "test_loss": [
      0.11560150970339397,
      0.09462934523184277,
      0.08306720183242726,
      0.07213966968569527,
      0.07307449000728422,
      0.07069565816944512,
      0.06906284493006636,
      0.07361287217442819,
      0.07068923831371372,
      0.06795978747612924,
      0.06781586173788647,
      0.06532544476970002,
      0.06205809725027313,
      0.06375973186766691,
      0.06342853625606443
    ],
    "test_acc": [
      96.56,
      96.95,
      97.53,
      97.87,
      97.81,
      97.99,
      98.12,
      97.96,
      98.16,
      98.16,
      98.2,
      98.33,
      98.47,
      98.4,
      98.36
    ],
    "spike_rate": [
      0.20736311848958325,
      0.20694013671874992,
      0.20775071614583326,
      0.2027235026041666,
      0.2128634440104166,
      0.21052871093749992,
      0.21300452473958326,
      0.2117013346354166,
      0.2145660156249999,
      0.2158417968749999,
      0.21898505859374992,
      0.21695149739583325,
      0.2159770182291666,
      0.21726640624999993,
      0.21605205078124992
    ]
  },
  "summary": {
    "baseline_best_acc": 98.53,
    "dasnn_best_acc": 98.47,
    "accuracy_improvement": -0.060000000000002274,
    "baseline_spike_rate": 0.1079106770833333,
    "dasnn_spike_rate": 0.21605205078124992,
    "spike_reduction_percent": -100.21378479017899,
    "baseline_params": 537354,
    "dasnn_params": 733451,
    "baseline_time": 129.05036687850952,
    "dasnn_time": 170.72864317893982,
    "baseline_efficiency": 835.6325520068381,
    "dasnn_efficiency": 435.6076384163805
  }
}