{
  "config": {
    "batch_size": 128,
    "epochs": 20,
    "time_steps": 4,
    "lr": 0.001,
    "hidden_sizes": [
      512,
      256
    ]
  },
  "baseline": {
    "acc": [
      97.43,
      97.65,
      98.1,
      98.07,
      98.11,
      97.92,
      97.88,
      98.22,
      98.23,
      98.24,
      98.27,
      98.36,
      98.32,
      98.33,
      98.47,
      98.43,
      98.42,
      98.46,
      98.36,
      98.49
    ],
    "spike": [
      0.1046278645833333,
      0.10528391927083329,
      0.10733046874999996,
      0.1064550130208333,
      0.10767382812499995,
      0.10831549479166663,
      0.1086477864583333,
      0.10972903645833329,
      0.11041406249999997,
      0.11050605468749997,
      0.11124488932291662,
      0.11159215494791662,
      0.1123052083333333,
      0.11282132161458329,
      0.11271445312499996,
      0.11302568359374995,
      0.11328535156249996,
      0.11410550130208329,
      0.11359628906249995,
      0.11318085937499996
    ]
  },
  "nexus": {
    "acc": [
      97.04,
      97.76,
      97.87,
      98.31,
      98.06,
      98.18,
      98.11,
      98.17,
      98.19,
      98.29,
      98.4,
      98.51,
      98.36,
      98.41,
      98.41,
      98.47,
      98.47,
      98.45,
      98.49,
      98.5
    ],
    "spike": [
      0.09441783854166663,
      0.0936440755208333,
      0.0929050130208333,
      0.09500839843749996,
      0.09539576822916664,
      0.09631142578124996,
      0.0982067708333333,
      0.0984683919270833,
      0.09951780598958329,
      0.09970250651041664,
      0.1010108723958333,
      0.10121337890624996,
      0.10201142578124996,
      0.10260035807291663,
      0.1013202473958333,
      0.10323789062499997,
      0.10472626953124996,
      0.10346513671874996,
      0.10294195963541664,
      0.10284625651041662
    ]
  },
  "summary": {
    "baseline_best": 98.49,
    "nexus_best": 98.51,
    "baseline_spike": 0.11318085937499996,
    "nexus_spike": 0.10284625651041662,
    "baseline_efficiency": 799.5560389797779,
    "nexus_efficiency": 872.957624348901
  }
}