{
  "config": {
    "batch_size": 128,
    "epochs": 25,
    "time_steps": 6,
    "lr": 0.0008,
    "hidden_sizes": [
      512,
      256
    ],
    "dropout": 0.15,
    "label_smoothing": 0.1
  },
  "nexus_v2": {
    "acc": [
      96.93,
      97.74,
      98.08,
      98.22,
      98.32,
      98.62,
      98.65,
      98.55,
      98.65,
      98.79,
      98.77,
      99.02,
      98.86,
      98.77,
      98.67,
      98.96,
      99.0,
      98.99,
      99.08,
      99.0,
      98.98,
      99.03,
      98.98,
      99.02,
      99.09
    ],
    "spike": [
      0.08856074218749999,
      0.09479394531249999,
      0.10041718749999998,
      0.10401610243055553,
      0.10417988281249999,
      0.10943997395833331,
      0.10899796006944443,
      0.11343255208333332,
      0.11881545138888887,
      0.11642699652777776,
      0.11722762586805553,
      0.11490642361111109,
      0.11522285156249998,
      0.11809435763888887,
      0.11938780381944443,
      0.12048517795138887,
      0.12139926215277776,
      0.1215587456597222,
      0.12157348090277775,
      0.12264077690972221,
      0.12325221354166664,
      0.12191289062499998,
      0.12420208333333331,
      0.12182411024305553,
      0.12255002170138887
    ],
    "loss": [
      0.1984521174166776,
      0.16606961803722986,
      0.14190324292152742,
      0.134690368948858,
      0.12954316033592708,
      0.11400105054431324,
      0.11292280860339539,
      0.1172893170880366,
      0.10556420815896385,
      0.10472367270083367,
      0.10674768082703216,
      0.10081032559841493,
      0.10457931939936892,
      0.10750814178321935,
      0.10849334280702132,
      0.10219548359701905,
      0.10039393707543989,
      0.10542829419615903,
      0.10099752445386935,
      0.10354796259463588,
      0.10210492094106312,
      0.10272947180120251,
      0.10106211910142174,
      0.10146051305758802,
      0.1012215205951582
    ]
  },
  "summary": {
    "best_accuracy": 99.09,
    "final_spike_rate": 0.12255002170138887,
    "energy_efficiency": 747.5668334723609,
    "parameters": 671001,
    "training_time": 405.92164611816406,
    "comparison_to_spiking_kan": 0.4900000000000091
  }
}